{"lr-AdamW": 1.0355956418945316e-05, "trainer/global_step": 13589, "_timestamp": 1666185013.176739, "_runtime": 2100.3788690567017, "_step": 450, "train/mape": 2.172257661819458, "train/mae": 0.4621175229549408, "train/mse": 0.3666173219680786, "train/rse": 0.6150609850883484, "train/smape": 0.923923134803772, "train/norm_mae": 0.4621175229549408, "train/norm_mse": 0.3666173219680786, "train/forecast_loss": 0.3666173219680786, "train/class_loss": 0.06024997681379318, "train/recon_loss": -1.0, "train/loss": 0.3666233420372009, "train/acc": 0.999427080154419, "epoch": 89, "val/mape": 3.884101390838623, "val/mae": 0.45775267481803894, "val/mse": 0.3498912751674652, "val/rse": 0.5986738204956055, "val/smape": 0.9127309322357178, "val/norm_mae": 0.45775267481803894, "val/norm_mse": 0.3498912751674652, "val/forecast_loss": 0.3498912751674652, "val/class_loss": 0.06088481843471527, "val/recon_loss": -1.0, "val/loss": 0.3498973846435547, "val/acc": 0.9993759393692017, "_wandb": {"runtime": 2100}}