{"lr-AdamW": 3.299871795418298e-07, "trainer/global_step": 13589, "_timestamp": 1666182900.0745215, "_runtime": 2087.0389215946198, "_step": 450, "train/mape": 2.7553584575653076, "train/mae": 0.513500988483429, "train/mse": 0.43564459681510925, "train/rse": 0.6793411374092102, "train/smape": 1.0053050518035889, "train/norm_mae": 0.513500988483429, "train/norm_mse": 0.43564459681510925, "train/forecast_loss": 0.43564459681510925, "train/class_loss": 0.2017993927001953, "train/recon_loss": -1.0, "train/loss": 0.4356647729873657, "train/acc": 0.9856250286102295, "epoch": 89, "val/mape": 4.0196213722229, "val/mae": 0.49376386404037476, "val/mse": 0.41315507888793945, "val/rse": 0.6519062519073486, "val/smape": 0.9765511751174927, "val/norm_mae": 0.49376386404037476, "val/norm_mse": 0.41315507888793945, "val/forecast_loss": 0.41315507888793945, "val/class_loss": 0.2027822732925415, "val/recon_loss": -1.0, "val/loss": 0.41317540407180786, "val/acc": 0.9845193028450012, "_wandb": {"runtime": 2087}}