{"lr-AdamW": 9.062272918167503e-08, "trainer/global_step": 16739, "_timestamp": 1666194878.7581844, "_runtime": 2409.4807953834534, "_step": 513, "train/mape": 2.3128085136413574, "train/mae": 0.5124461650848389, "train/mse": 0.4145086705684662, "train/rse": 0.6131452918052673, "train/smape": 0.9853224158287048, "train/norm_mae": 0.5124461650848389, "train/norm_mse": 0.4145086705684662, "train/forecast_loss": 0.4145087003707886, "train/class_loss": 0.1757451891899109, "train/recon_loss": -1.0, "train/loss": 0.4145262837409973, "train/acc": 0.9940103888511658, "epoch": 89, "val/mape": 3.103858470916748, "val/mae": 0.4816259443759918, "val/mse": 0.37761303782463074, "val/rse": 0.6176561713218689, "val/smape": 0.9305923581123352, "val/norm_mae": 0.4816259443759918, "val/norm_mse": 0.37761303782463074, "val/forecast_loss": 0.37761303782463074, "val/class_loss": 0.17659056186676025, "val/recon_loss": -1.0, "val/loss": 0.37763068079948425, "val/acc": 0.9934726357460022, "_wandb": {"runtime": 2409}}