{"lr-AdamW": 2.1449166670218938e-07, "trainer/global_step": 17009, "_timestamp": 1666187512.7301233, "_runtime": 2487.4614102840424, "_step": 519, "train/mape": 7.99993896484375, "train/mae": 0.4097742736339569, "train/mse": 0.2824021577835083, "train/rse": 0.5494820475578308, "train/smape": 0.8435869812965393, "train/norm_mae": 0.4097742736339569, "train/norm_mse": 0.2824021577835083, "train/forecast_loss": 0.2824021279811859, "train/class_loss": 0.025254448875784874, "train/recon_loss": -1.0, "train/loss": 0.28240466117858887, "train/acc": 0.9999479055404663, "epoch": 89, "val/mape": 3.5212957859039307, "val/mae": 0.4260110855102539, "val/mse": 0.3043341636657715, "val/rse": 0.5546954274177551, "val/smape": 0.8595556020736694, "val/norm_mae": 0.4260110855102539, "val/norm_mse": 0.3043341636657715, "val/forecast_loss": 0.30433419346809387, "val/class_loss": 0.025543097406625748, "val/recon_loss": -1.0, "val/loss": 0.30433669686317444, "val/acc": 0.9998994469642639, "_wandb": {"runtime": 2487}}