{"lr-AdamW": 7.810347444777037e-07, "trainer/global_step": 17009, "_timestamp": 1666190003.5726085, "_runtime": 2479.7857944965363, "_step": 519, "train/mape": 2.1809988021850586, "train/mae": 0.42830318212509155, "train/mse": 0.32648715376853943, "train/rse": 0.5664464831352234, "train/smape": 0.8463388681411743, "train/norm_mae": 0.42830318212509155, "train/norm_mse": 0.32648715376853943, "train/forecast_loss": 0.32648715376853943, "train/class_loss": 0.05041506513953209, "train/recon_loss": -1.0, "train/loss": 0.32649219036102295, "train/acc": 0.9995312690734863, "epoch": 89, "val/mape": 3.8426597118377686, "val/mae": 0.4309021532535553, "val/mse": 0.3131941258907318, "val/rse": 0.5627159476280212, "val/smape": 0.8667751550674438, "val/norm_mae": 0.4309021532535553, "val/norm_mse": 0.3131941258907318, "val/forecast_loss": 0.3131941258907318, "val/class_loss": 0.05083829164505005, "val/recon_loss": -1.0, "val/loss": 0.3131992518901825, "val/acc": 0.9994571805000305, "_wandb": {"runtime": 2479}}