{"lr-AdamW": 4.375391587004397e-06, "trainer/global_step": 15569, "_timestamp": 1666197174.067765, "_runtime": 2281.477947950363, "_step": 490, "train/mape": 3.764065742492676, "train/mae": 0.4650697112083435, "train/mse": 0.3553145229816437, "train/rse": 0.645365834236145, "train/smape": 0.9788322448730469, "train/norm_mae": 0.4650697112083435, "train/norm_mse": 0.3553145229816437, "train/forecast_loss": 0.3553145229816437, "train/class_loss": 0.12968407571315765, "train/recon_loss": -1.0, "train/loss": 0.3553274869918823, "train/acc": 0.9980208277702332, "epoch": 89, "val/mape": 3.872422218322754, "val/mae": 0.49459606409072876, "val/mse": 0.3969436287879944, "val/rse": 0.6348844170570374, "val/smape": 0.9410979747772217, "val/norm_mae": 0.49459606409072876, "val/norm_mse": 0.3969436287879944, "val/forecast_loss": 0.3969436287879944, "val/class_loss": 0.12968553602695465, "val/recon_loss": -1.0, "val/loss": 0.39695656299591064, "val/acc": 0.997934103012085, "_wandb": {"runtime": 2281}}