{"lr-AdamW": 5.000998999999999e-07, "trainer/global_step": 0, "_timestamp": 1666103914.475182, "_runtime": 66.9395580291748, "_step": 0}