{"lr-AdamW": 1.0514870308141148e-08, "trainer/global_step": 16739, "_timestamp": 1666192455.8305583, "_runtime": 2440.301119327545, "_step": 513, "train/mape": 6.102023601531982, "train/mae": 0.47255998849868774, "train/mse": 0.36048343777656555, "train/rse": 0.6294950842857361, "train/smape": 0.919798731803894, "train/norm_mae": 0.47255998849868774, "train/norm_mse": 0.36048343777656555, "train/forecast_loss": 0.36048343777656555, "train/class_loss": 0.13399016857147217, "train/recon_loss": -1.0, "train/loss": 0.36049684882164, "train/acc": 0.9965104460716248, "epoch": 89, "val/mape": 3.119394302368164, "val/mae": 0.4528120458126068, "val/mse": 0.3325067460536957, "val/rse": 0.5793551802635193, "val/smape": 0.8852447271347046, "val/norm_mae": 0.4528120458126068, "val/norm_mse": 0.3325067460536957, "val/forecast_loss": 0.3325067460536957, "val/class_loss": 0.13477890193462372, "val/recon_loss": -1.0, "val/loss": 0.33252015709877014, "val/acc": 0.9961910247802734, "_wandb": {"runtime": 2439}}