{"lr-AdamW": 5.076725839105074e-07, "trainer/global_step": 15569, "_timestamp": 1666199498.7661626, "_runtime": 2312.5930666923523, "_step": 490, "train/mape": 4.885114669799805, "train/mae": 0.463862806558609, "train/mse": 0.33940649032592773, "train/rse": 0.5965061783790588, "train/smape": 0.9012861847877502, "train/norm_mae": 0.463862806558609, "train/norm_mse": 0.33940649032592773, "train/forecast_loss": 0.33940649032592773, "train/class_loss": 0.14064878225326538, "train/recon_loss": -1.0, "train/loss": 0.3394205570220947, "train/acc": 0.9932812452316284, "epoch": 89, "val/mape": 3.5352697372436523, "val/mae": 0.4647647738456726, "val/mse": 0.3522670269012451, "val/rse": 0.5980287790298462, "val/smape": 0.9000271558761597, "val/norm_mae": 0.4647647738456726, "val/norm_mse": 0.3522670269012451, "val/forecast_loss": 0.3522670269012451, "val/class_loss": 0.14210323989391327, "val/recon_loss": -1.0, "val/loss": 0.35228124260902405, "val/acc": 0.9927604794502258, "_wandb": {"runtime": 2312}}